"release","name","url","bytes","sha256","pinned_on"
"pbp","play_by_play_2016.parquet","https://github.com/nflverse/nflverse-data/releases/download/pbp/play_by_play_2016.parquet",19344382,"95eba04e2145e3c1c8ca502f2a3a76cfb0a5990680c3fb480f02a74a45f54a3b","2026-10-03"
"pbp","play_by_play_2017.parquet","https://github.com/nflverse/nflverse-data/releases/download/pbp/play_by_play_2017.parquet",19050401,"84eacd963c1fdd45965f6222c62e9329a7f3412f029d92c1ac5e34a1bb4d3710","2026-10-03"
"pbp","play_by_play_2018.parquet","https://github.com/nflverse/nflverse-data/releases/download/pbp/play_by_play_2018.parquet",19072097,"2e6f2dce7c7ebd46e985cabe0c17eb72b39a77f98cb4478409294f50b5820150","2026-10-03"
"pbp","play_by_play_2019.parquet","https://github.com/nflverse/nflverse-data/releases/download/pbp/play_by_play_2019.parquet",19119729,"60c3067017db2d28a78f66a79b657268be8578d9a5288e6a827efdcd7fe42540","2026-10-03"
"pbp","play_by_play_2020.parquet","https://github.com/nflverse/nflverse-data/releases/download/pbp/play_by_play_2020.parquet",19286459,"8889f5d8782b5c5dce3c3644acdc0322b228a7e9cb13fa36cbac250e260e9f60","2026-10-03"
"pbp","play_by_play_2021.parquet","https://github.com/nflverse/nflverse-data/releases/download/pbp/play_by_play_2021.parquet",20249925,"333ad34378e5339d5172717cc83378e908daf02c8699416ab3e17c2ec10f78d8","2026-10-03"
"pbp","play_by_play_2022.parquet","https://github.com/nflverse/nflverse-data/releases/download/pbp/play_by_play_2022.parquet",20426548,"931121d8897779d7944e2a293e92ed8799c8e5cceef84096ac42339003fedc09","2026-10-03"
"pbp","play_by_play_2023.parquet","https://github.com/nflverse/nflverse-data/releases/download/pbp/play_by_play_2023.parquet",20534088,"bd3484731408def6b0ec93225bba2bd7b2c65769ca707a2b9444d891abdc6776","2026-10-03"
"pbp","play_by_play_2024.parquet","https://github.com/nflverse/nflverse-data/releases/download/pbp/play_by_play_2024.parquet",20597560,"3fd2896bc0b911b615142d2f1fabae54a4bbba5ab7b73b28187b118ef8af6a3b","2026-10-03"
"pbp","play_by_play_2025.parquet","https://github.com/nflverse/nflverse-data/releases/download/pbp/play_by_play_2025.parquet",20337029,"c6ecedd6d678cc37ed316b23ef84ee1ec6abb69c514bb11868a7ebd5a367df29","2026-10-03"
"pbp_participation","pbp_participation_2016.parquet","https://github.com/nflverse/nflverse-data/releases/download/pbp_participation/pbp_participation_2016.parquet",3076917,"e876e5c3127497825baa18c5b49ed953cc685f701819a0d555f9e318b9295087","2026-10-03"
"pbp_participation","pbp_participation_2017.parquet","https://github.com/nflverse/nflverse-data/releases/download/pbp_participation/pbp_participation_2017.parquet",2943355,"e4b2ce19b0da7a7aa6b9e764b00de831003e622e2719c371665ed32bf2f4f3f8","2026-10-03"
"pbp_participation","pbp_participation_2018.parquet","https://github.com/nflverse/nflverse-data/releases/download/pbp_participation/pbp_participation_2018.parquet",2978916,"334f03887775e98f818ab7f5b22c7973f050cae7c3594e5d4b6f5c9c9890969d","2026-10-03"
"pbp_participation","pbp_participation_2019.parquet","https://github.com/nflverse/nflverse-data/releases/download/pbp_participation/pbp_participation_2019.parquet",2992048,"5dd6c4ff1610cd4f100ec6b29dfbea521099eda06fd199902477edf61f334bc0","2026-10-03"
"pbp_participation","pbp_participation_2020.parquet","https://github.com/nflverse/nflverse-data/releases/download/pbp_participation/pbp_participation_2020.parquet",2849568,"dbabfbef30c7e1657d566cad44dd1a9db434ae6aab1321b38b6a87f0fd963dba","2026-10-03"
"pbp_participation","pbp_participation_2021.parquet","https://github.com/nflverse/nflverse-data/releases/download/pbp_participation/pbp_participation_2021.parquet",2949474,"bc16b14c7043e780f995f914331e2f7ebd6661d024e61a2c892d560af04d9af1","2026-10-03"
"pbp_participation","pbp_participation_2022.parquet","https://github.com/nflverse/nflverse-data/releases/download/pbp_participation/pbp_participation_2022.parquet",2941018,"5f8d349316bf68de487ee0eb926706e65f5a8e37078c1faa37cb07cda2bf9e5e","2026-10-03"
"pbp_participation","pbp_participation_2023.parquet","https://github.com/nflverse/nflverse-data/releases/download/pbp_participation/pbp_participation_2023.parquet",4700238,"b157736972248e6f71e0c5ad6c1010b71375a500a63944dc4956c65de263e5a6","2026-10-03"
"pbp_participation","pbp_participation_2024.parquet","https://github.com/nflverse/nflverse-data/releases/download/pbp_participation/pbp_participation_2024.parquet",4644767,"5e8cf1f6a11bb2be573c3db1533c28a5658907302d1ad45ca769a4ca35890d7c","2026-10-03"
"pbp_participation","pbp_participation_2025.parquet","https://github.com/nflverse/nflverse-data/releases/download/pbp_participation/pbp_participation_2025.parquet",4741443,"3b26b9487267f011fdbafbce133800ce964c963fdb8b27725abf65663cc46e0f","2026-10-03"
"ftn_charting","ftn_charting_2022.parquet","https://github.com/nflverse/nflverse-data/releases/download/ftn_charting/ftn_charting_2022.parquet",501910,"2846ef9bcc5f7298a5c783fb9a5edc85b3820c0b4943bf60a1217398e412985b","2026-10-03"
"ftn_charting","ftn_charting_2023.parquet","https://github.com/nflverse/nflverse-data/releases/download/ftn_charting/ftn_charting_2023.parquet",567781,"162f0f48a8fca23f86a334c78e27f8daa7443e6b383beada0416b65c593b2c0e","2026-10-03"
"ftn_charting","ftn_charting_2024.parquet","https://github.com/nflverse/nflverse-data/releases/download/ftn_charting/ftn_charting_2024.parquet",563180,"9396c95effac1a81cc30efcf9c4c87ab89855548ae605404318ae949d4356119","2026-10-03"
"ftn_charting","ftn_charting_2025.parquet","https://github.com/nflverse/nflverse-data/releases/download/ftn_charting/ftn_charting_2025.parquet",556492,"2ee4b11962f4c91d426e0edeca5bbded078616ce0efab0710aa2b40b4cfad898","2026-10-03"
"schedules","games.parquet","https://github.com/nflverse/nflverse-data/releases/download/schedules/games.parquet",NA,"333652bdbc8ec4c0b8c3ee3584a947126aae921fc93fd5ac7935416238bed214","2026-10-03"
