"season","model","n","logloss","brier","accuracy","auc","cal_intercept","cal_slope","ece"
2019,"B0 constant",33243,0.663931038608054,0.235534404264891,0.620311042926329,0.5,0.0128244760537702,NA,0.00687861681521469
2019,"B1 situation",33243,0.59609871482852,0.208148623513591,0.632283488253167,0.683801342580042,0.0187372967733606,1.08462044149182,0.0133457416725528
2019,"B2 enet",33243,0.537845283462594,0.183029126801892,0.70959299702193,0.779008031412166,0.0147286407750406,1.04231479397672,0.0116707534674177
2019,"B2 xgb",33243,0.513070974815654,0.174438317953965,0.719098757633185,0.799441257218784,0.022574457284116,1.07793332161226,0.00963862542115334
2019,"B3 enet",33243,0.507513270639527,0.170323376785936,0.741629816803537,0.813000159421688,-0.0115407738403878,1.01449606851234,0.0154677824518038
2019,"B3 xgb",33243,0.488755155722667,0.163950450896887,0.749631501368708,0.826231471839166,-0.00519506153084433,1.02341048605388,0.00847911381197472
2019,"B4 enet",33243,0.505410324271602,0.169437262003977,0.743524952621604,0.814829749401047,-0.00931708059451854,1.00750955992151,0.0172402663073214
2019,"B4 xgb",33243,0.486553081441655,0.162974971574682,0.752759979544566,0.828305231268219,-0.00166445162482482,1.02669946891844,0.00767102485591378
2020,"B0 constant",33980,0.665412033987075,0.23626108860374,0.617216009417304,0.5,-0.00349550527094197,NA,0.00468540814683093
2020,"B1 situation",33980,0.60322795413984,0.211021575318544,0.632695703354916,0.672574455331354,0.0315030060322416,1.02896980257736,0.013323174374968
2020,"B2 enet",33980,0.55401857462509,0.189057242852448,0.69496762801648,0.763686131162769,0.0400576156664761,0.941443468112609,0.011935089067339
2020,"B2 xgb",33980,0.52984451584235,0.180740097594947,0.707121836374336,0.785324071563548,0.0414489410635515,0.95690309765169,0.0134418032761376
2020,"B3 enet",33980,0.524262110768207,0.176510018724913,0.730547380812243,0.798927163511319,-0.0261476786694002,0.945355880193549,0.0175074689133117
2020,"B3 xgb",33980,0.505494718185878,0.169997273835345,0.741259564449675,0.813476551148361,-0.0146455583397793,0.934651175468722,0.00984335081496128
2020,"B4 enet",33980,0.521597136269444,0.175349459159009,0.732430841671571,0.801708857618785,-0.0361416554768802,0.948649311069342,0.0169603905765271
2020,"B4 xgb",33980,0.502162297987675,0.168580801784565,0.743702177751621,0.816636880102239,-0.0263225082798576,0.946350644935957,0.00889686440556732
2021,"B0 constant",35476,0.666310306094684,0.236701786826357,0.615345585748109,0.5,-0.0106938317902334,NA,0.00932360617746622
2021,"B1 situation",35476,0.602712926503889,0.210439714186209,0.632230240162365,0.67730384362557,0.00121223560418934,1.0046361247924,0.00847644995955622
2021,"B2 enet",35476,0.549684846575195,0.187315524645433,0.698697711128649,0.768724808418939,0.00668620251217483,0.969097536821754,0.00665852899284244
2021,"B2 xgb",35476,0.523391346721458,0.178087540242425,0.710085691735257,0.79160193127594,0.00931261228552382,1.00314737398403,0.00497927299278228
2021,"B3 enet",35476,0.514000340359895,0.172079481896983,0.743291239147592,0.808951935227034,-0.0460178383924878,0.998946772553373,0.010949005032018
2021,"B3 xgb",35476,0.492797835060373,0.164770103073606,0.752198669523057,0.825186881374328,-0.0371408664765492,1.01487289549008,0.00821046990632053
2021,"B4 enet",35476,0.511321698451494,0.170960849665065,0.742727477731425,0.811662642503741,-0.0472114174379587,1.00162773445399,0.0113772477701114
2021,"B4 xgb",35476,0.489360731046154,0.163398292730265,0.754510091329349,0.828180919351424,-0.0369681935220701,1.00503300601898,0.00745679479810515
2022,"B0 constant",35168,0.671661393049693,0.239327470045822,0.604157188353051,0.5,-0.0558404138104348,NA,0.0160597931692248
2022,"B1 situation",35168,0.608316899097562,0.212782031344149,0.616042993630574,0.672964800632033,-0.0547430193405395,0.982131289085115,0.0170735806924427
2022,"B2 enet",35168,0.557308301868438,0.189914889165471,0.694807779799818,0.765817103469383,-0.063989498899333,0.958895252264748,0.0128853315264222
2022,"B2 xgb",35168,0.532761493355326,0.181469509008853,0.707176979071884,0.786650037363815,-0.0700221450466944,0.951494074434375,0.012553210224591
2022,"B3 enet",35168,0.528790197448303,0.178014068124341,0.728815969062785,0.800612597925021,-0.144995830198463,0.969246078942879,0.0255004949251144
2022,"B3 xgb",35168,0.509205532685495,0.171162452583373,0.738455414012738,0.814915567488289,-0.143862028217066,0.949773141674744,0.0238220349642047
2022,"B4 enet",35168,0.526830674441467,0.177117823905315,0.732171292083713,0.802732131319168,-0.142652756467173,0.96969657164171,0.0260942434862852
2022,"B4 xgb",35168,0.507422410255832,0.170346442947365,0.740616469517742,0.817003846179502,-0.144267373019273,0.946859956614892,0.0237446969384389
2023,"B0 constant",35356,0.666618203190421,0.236853206532818,0.614662292114494,0.5,-0.0033993867767947,NA,0.0058099459489432
2023,"B1 situation",35356,0.6018319359691,0.210452568883921,0.626202059056455,0.673280763791639,-0.00848533268591567,0.991750931133198,0.00934227059773375
2023,"B2 enet",35356,0.548985098813113,0.187082233038877,0.697194252743524,0.769264117000899,-0.00555928010910907,0.983725688662542,0.00991626527304951
2023,"B2 xgb",35356,0.52317420735481,0.178291773942717,0.707602669985293,0.791649012461525,-0.00535863395724012,1.00916880129818,0.00999364474435229
2023,"B3 enet",35356,0.521705010814822,0.175503932590931,0.732577214617038,0.802963920830154,-0.121734582393084,1.00347666788771,0.0234224516080808
2023,"B3 xgb",35356,0.500831019987542,0.168422380348631,0.742080552098654,0.818161876179356,-0.111463828557323,1.00697339239033,0.0196552166944644
2023,"B4 enet",35356,0.520530580415089,0.175028176122058,0.73305803823962,0.804366491193257,-0.127745595709713,1.0038409403428,0.0236291985926189
2023,"B4 xgb",35356,0.50101195330786,0.168422976155909,0.741712863446092,0.818328988244022,-0.116207498986001,1.00889203457362,0.02050508943383
2024,"B0 constant",34765,0.671372202227585,0.23918741643418,0.604544800805408,0.5,-0.0454737129954184,NA,0.0111853388548348
2024,"B1 situation",34765,0.603599436836608,0.210913059721676,0.618466848842226,0.68087877279721,-0.0431241146228367,1.03505365292114,0.0144241558502616
2024,"B2 enet",34765,0.547166827021093,0.186236810245057,0.703437365166115,0.775932297363389,-0.0449901812571997,1.01544829025762,0.0104106422402631
2024,"B2 xgb",34765,0.522908689578138,0.177824744617629,0.714195311376384,0.796152207388427,-0.0492729776567244,0.991865148998577,0.00961995700294682
2024,"B3 enet",34765,0.52775473179044,0.178132489357193,0.726679131310225,0.800625147529753,-0.137710288058764,0.968080024976143,0.0260782358086441
2024,"B3 xgb",34765,0.506959418456582,0.170577288386558,0.736833021717243,0.816261292294672,-0.125744731922906,0.953192228784911,0.0218620816176961
2024,"B4 enet",34765,0.526386767378587,0.177548953699638,0.728174888537321,0.802140640017518,-0.143617472020589,0.974617360242942,0.0276496722149842
2024,"B4 xgb",34765,0.504680423509322,0.169702161323944,0.738961599309653,0.818464980667589,-0.133490897915182,0.951720432263836,0.022548392397982
2025,"B0 constant",34399,0.671491626389288,0.239246999619554,0.604174539957555,0.5,-0.04186361416552,NA,0.0121590834687681
2025,"B1 situation",34399,0.602695535180968,0.210469597868296,0.619407540916889,0.680253947709228,-0.0413920539030687,1.03749076331534,0.0143261091208888
2025,"B2 enet",34399,0.551002242856144,0.187863861367322,0.699700572691067,0.771606658796937,-0.0399265015240985,0.989031158782635,0.0105592308629643
2025,"B2 xgb",34399,0.526909094618298,0.179677864159037,0.711386958923224,0.79172780438715,-0.0404246668400029,0.969605380129012,0.00999587260091859
2025,"B3 enet",34399,0.521726235773322,0.175192593662967,0.736794674263786,0.805190033598259,-0.0367624578382672,0.965477624373241,0.0144213059662668
2025,"B3 xgb",34399,0.501645764901851,0.168548035757848,0.744004186168203,0.819882725619268,-0.0362490289560282,0.957896593506893,0.0106228350905579
2025,"B4 enet",34399,0.518612936719009,0.17385772510815,0.738509840402333,0.8082848703007,-0.0184079249835209,0.965114437617097,0.0155346777073484
2025,"B4 xgb",34399,0.499209107236569,0.167471369265276,0.746387976394662,0.82222105657798,-0.0204511131863914,0.960543464914716,0.00971737331560901
