"week","n","league","recal","nopool","shrunk"
2,13789,0.496611641116835,0.495671945181578,1.2406576643384,0.49506190569657
3,13903,0.491553147452194,0.492117609664844,0.89714496648895,0.489842678806587
4,13552,0.498698288850118,0.498170241481086,0.767709680753089,0.494158564071401
5,12819,0.500565849692693,0.501171418620671,0.643217027906088,0.493895277840558
6,12319,0.495350867530222,0.494948821330815,0.573896065869152,0.489255863992688
7,11999,0.49547786106164,0.494763024349655,0.548131954247382,0.486942508148012
8,12820,0.504729058128551,0.504030358729103,0.549647587664018,0.497401410352285
9,12111,0.48822983935517,0.487407959048508,0.522053635041154,0.47961058409924
10,12043,0.499901492109597,0.498722406562947,0.527775812478174,0.490421991412958
11,12318,0.501405751676998,0.500862569386173,0.520891776438238,0.491594582091223
12,12850,0.502557066059656,0.502159033342289,0.514545187350691,0.491298270974879
13,13119,0.497720611434507,0.497568129311895,0.510034185650161,0.489533839955286
14,12654,0.497268593248837,0.497457610232734,0.499270485977932,0.490026051407458
15,13827,0.506623927357626,0.505619316309601,0.509687762757168,0.496129719997334
16,13889,0.499076343013698,0.498268162843319,0.500235617153261,0.48691378959427
17,13610,0.502789527608114,0.501790822436652,0.502888428774994,0.490814880047559
18,11016,0.514420122134424,0.5125917536216,0.520934427649288,0.503329537770762
19,4716,0.480034249974553,0.480563010975752,0.476469156812637,0.470004648942164
20,2989,0.477652733596501,0.477777403195573,0.46642883225578,0.46129276235091
21,1517,0.4939311546583,0.492871748485698,0.483608555084251,0.48303107050557
22,648,0.478043923430979,0.477515486467989,0.454139032557493,0.450221336368603
