"team","season","T","T_vs_recal","n"
"ATL",2022,76.9544116945569,64.7298235545849,923
"BAL",2019,74.0953349923747,76.4282473841678,1048
"BAL",2020,59.1119980969654,53.2642268985305,1047
"CHI",2022,51.2736001424622,41.8266632362769,918
"PHI",2024,50.8696136835381,33.9443543816018,1259
"IND",2024,45.7401305095459,27.730028889231,982
"BAL",2022,42.0857365538856,34.0157864381007,1039
"PHI",2021,39.9084257421126,40.8178926703393,1052
"ATL",2024,36.9633441889198,26.0022456664509,1013
"PHI",2022,31.6776093100943,24.142533397264,1232
"MIN",2020,31.4389773862313,32.2997483662577,962
"ATL",2023,30.5280208441187,21.1064166304169,1024
"GB",2024,29.7563487500606,13.826329970251,1013
"IND",2023,29.2913539095477,19.6257776356865,1012
"TB",2021,28.658295870896,27.4367998424032,1195
"ARI",2020,28.3493368779812,24.9564391650511,987
"WAS",2022,27.0778773636814,17.0579530698581,1058
"LA",2019,26.0927281065611,24.4402791650046,966
"WAS",2025,25.8920510223016,25.307163025027,907
"ATL",2021,25.1194265241888,24.1545841602052,925
"ARI",2022,24.1959985030517,19.7549380390792,1064
"NYJ",2025,23.1802760898647,22.7166373060297,931
"LA",2025,22.9781298125113,24.451151900977,1203
"BUF",2020,21.9020208725238,25.7238263874617,1103
"ARI",2023,20.9719886967059,13.148659324071,993
"ATL",2025,20.8179057946617,19.9483633880739,961
"NE",2020,19.6784519248024,17.284428001092,899
"NO",2019,19.2933283954402,18.188258349206,975
"CHI",2023,18.9956555974774,11.861248703177,1013
"PHI",2023,18.6265133698609,10.1019420439915,1093
"CAR",2023,18.5327102506795,10.1991436168515,1016
"BAL",2021,17.5193161164474,18.3350403946216,1100
"NE",2025,17.0459453952353,17.8809157377165,1192
"ARI",2019,16.4251099585189,17.0438163728116,898
"LA",2020,16.3258154783694,18.7794177099746,1116
"NE",2019,16.2266343748179,14.9859828454021,1069
"PIT",2023,15.9851991873704,8.47674240650253,1004
"ARI",2021,15.9212599007723,16.4965314188822,1083
"NYG",2025,15.6417717306227,14.6866600235602,1011
"TB",2019,15.2108370600981,14.9711443010546,1000
"LAC",2024,14.9244362454237,17.254498019633,992
"KC",2021,14.8629238275915,14.8200683913663,1254
"IND",2020,14.7458826934675,11.4583897566407,1013
"TEN",2022,14.3067583368776,6.98771248524349,917
"KC",2022,14.2871044068103,20.8781759031595,1192
"WAS",2024,13.839064571848,6.24056993304592,1243
"TB",2020,13.721706219763,17.4960210027066,1175
"NO",2022,13.5079270810129,8.72600959088494,942
"JAX",2019,13.3748615613229,13.3018983556761,952
"BAL",2023,12.9765290278259,11.6060796824495,1123
"MIN",2022,12.9351978189879,19.5834816991752,1101
"CIN",2021,12.8796976299267,13.629342030583,1211
"PIT",2022,12.8094829027108,9.03614120439655,1035
"TEN",2024,12.5457027403038,5.87390754973264,956
"BAL",2024,12.2666478498408,3.43504738768931,1083
"CAR",2022,12.2066743099439,5.77286814722555,914
"LAC",2022,11.6868982151789,16.4017399628439,1136
"LA",2021,11.3611583179435,10.7993334504497,1255
"BAL",2025,11.3467908312447,9.89427376676712,902
"MIN",2024,11.3374060100006,24.4337632637227,1045
"LV",2019,11.1766969461887,11.1902968367192,915
"DET",2024,11.0175723662422,17.1492535347517,1099
"ATL",2019,10.5385228395178,9.3795268506145,1014
"NYG",2024,10.3500180703375,6.4847323809925,974
"CHI",2025,10.2739509501692,10.3581448883833,1177
"MIN",2019,10.1477054845727,9.9958030946406,1023
"GB",2022,9.86374588718355,7.86199260148325,970
"CIN",2024,9.84459669722054,18.5016685078807,1016
"CLE",2022,9.62453757245973,6.10908738259635,1023
"LAC",2021,9.4058058865265,8.19654258867352,1036
"KC",2020,9.38422535158773,12.6668348572873,1156
"DEN",2019,8.52160661337641,8.99564927352664,881
"HOU",2019,8.47726185632096,8.93940770687795,1080
"WAS",2021,8.22994608391096,8.39048120492696,1006
"CLE",2024,8.21580930994089,8.97649717549533,1040
"TEN",2020,8.17345677001049,6.28760188585237,981
"CIN",2022,7.75817207909737,13.1036359571191,1118
"BUF",2021,7.74977280661628,6.7193793945399,1151
"CLE",2020,7.746554814928,8.38139493277956,1055
"ATL",2020,7.63366922988037,10.0059150136443,987
"LA",2024,7.58464881939682,11.967694606426,1065
"MIA",2025,7.37767203030396,7.47563108844209,886
"NYG",2023,7.27123100813448,3.99262282817498,977
"KC",2019,7.23987056193546,6.69833302066018,1085
"JAX",2025,7.23855286923577,8.01578301700274,1063
"SF",2020,7.19422469219831,6.6557746340064,974
"MIA",2023,7.14361293584556,4.94323943518547,1023
"NE",2024,6.98233597964928,2.50210677899619,950
"ARI",2024,6.91496086845862,4.54743821685541,962
"MIN",2023,6.90444600968213,14.0915221383661,994
"IND",2019,6.87389022077341,7.44648801233314,935
"NO",2025,6.80628509533261,6.30612938191783,992
"HOU",2021,6.69008139736995,7.91587197790318,927
"MIN",2021,6.57391322508359,6.29171129057288,992
"LV",2022,6.4485674036955,7.46457743138164,985
"IND",2025,6.4176436150638,5.99847634208362,927
"NYG",2021,6.35131444382677,5.55009642180045,977
"IND",2021,6.20085337025938,5.90728311171755,966
"HOU",2025,5.93509501217716,6.43299210066785,1149
"LA",2022,5.34927471897417,5.67152128117384,916
"DET",2025,5.32377083070622,5.63212441807234,981
"PIT",2021,5.21496551734692,5.2305668576122,1106
"DEN",2024,5.15305595735722,10.7900631459392,1006
"NO",2020,5.13635115005407,6.32688863930329,1090
"DEN",2025,5.09999041479151,5.83686401478302,1128
"TEN",2019,4.86983649732028,5.37876116771818,1031
"MIA",2021,4.62587406792311,4.03832399499697,1026
"JAX",2024,4.54814557994948,2.22942871265458,931
"JAX",2022,4.4616060016565,3.41384731197546,1122
"CAR",2025,4.43282966907132,4.01332738396597,990
"JAX",2020,4.314529874852,4.55523947797304,945
"WAS",2019,4.12536607482974,4.25067323181907,816
"SF",2025,4.11132957815389,4.92056451924823,1105
"LAC",2020,4.09954882799334,4.26416438411316,1039
"LV",2021,4.07247795793144,3.07315576823176,1055
"MIA",2019,3.99538592766385,3.911669467578,954
"HOU",2024,3.99096169772255,12.4682475440141,1099
"NYJ",2020,3.96901471235925,2.10417907926512,886
"SEA",2020,3.61993428556305,5.53774008398824,999
"PHI",2019,3.56115214207684,4.70192312007268,1074
"SEA",2025,3.56048925970544,3.59546955113459,1127
"LV",2020,3.55549074113316,4.11653382366824,958
"GB",2025,3.5458750347854,3.31072707816172,1011
"CHI",2024,3.49214624676008,-0.557820157573121,995
"BUF",2025,3.35041141705078,4.08029649857384,1116
"KC",2025,3.26777209604531,3.90295258096374,988
"GB",2019,3.18947807750807,2.5916425554993,1053
"HOU",2022,3.11707210322346,1.55213311624788,936
"DAL",2022,3.0098178240349,0.952589899008365,1161
"WAS",2023,2.9837681044579,7.59338939708077,989
"GB",2023,2.88181594786768,1.88382640198976,1087
"TEN",2025,2.87753612507311,2.51309376940133,939
"MIA",2024,2.8773227777953,-1.31907895817081,999
"TEN",2023,2.87120802151192,-0.815993187480345,916
"SF",2023,2.8087925647632,4.97010245042312,1126
"CLE",2023,2.57532975861211,2.02901556311458,1165
"CLE",2021,2.54100330125387,2.35346564168958,982
"PHI",2025,2.41552917672688,2.36709349256201,1002
"NYJ",2021,2.39848499447777,2.50346346293352,966
"DEN",2020,2.31535896286282,-0.2476591438771,951
"DAL",2023,2.29411834923974,8.37023433454133,1132
"IND",2022,2.28716823817961,-2.2714384153373,1003
"MIA",2022,2.27030976803965,5.11764370935905,999
"DAL",2025,2.23242873599135,2.44563980264182,1041
"DAL",2019,2.18945606521216,2.44179137325954,997
"ARI",2025,2.10476996156416,2.61067492180716,1006
"BUF",2024,2.0761255177378,2.95472050229595,1139
"LV",2024,2.01504879306483,1.87311813763038,984
"PHI",2020,1.96496500865249,0.169278807604748,987
"DET",2022,1.86541987105172,4.97349625642108,1006
"TEN",2021,1.7398558697677,2.52761583193005,1099
"CAR",2020,1.71384412365357,2.25903335843625,908
"DAL",2024,1.66505857487013,-0.0430862107891217,1026
"GB",2021,1.62071706091632,1.45747824977171,1047
"LAC",2019,1.59514500293172,1.49269776948704,924
"DEN",2021,1.5561770776327,1.1576496256617,963
"WAS",2020,1.5484149689021,0.499088412386425,1036
"BUF",2022,1.50044006354994,3.80075183831199,1086
"NO",2023,1.36588581886306,2.23610403678753,1036
"DET",2023,1.36493438276297,3.65262430262747,1234
"SF",2021,1.30286239675021,1.26979419621405,1136
"PIT",2020,1.15490423055036,3.02981342514419,1039
"NYJ",2022,0.869955082595076,-0.303603949359559,981
"HOU",2023,0.734229476417513,2.26094027532574,1085
"SEA",2019,0.722506690699906,1.50349948323907,1089
"PIT",2024,0.678335206656898,-3.69998069718712,1036
"TB",2025,0.66261125997022,0.711569943312379,1000
"SF",2019,0.446903649466672,0.657527256905355,1093
"LAC",2025,0.0714193328894808,0.086749460253443,1077
"BUF",2019,0.0656289328702104,-0.0115955017494749,1015
"CLE",2025,0.0117015399140743,-0.540311659196116,951
"PIT",2019,-0.0923685769463614,0.100568520870713,855
"DET",2021,-0.117385216771465,0.376472239757247,960
"BUF",2023,-0.122487309709905,-0.202849017326473,1165
"CAR",2021,-0.313336062512135,-0.716979331541096,1028
"TB",2022,-0.361997825367932,2.49130700233261,1155
"HOU",2020,-0.569163845985898,0.550370321822861,867
"TB",2024,-0.643886342763934,3.87199017131815,1058
"NYG",2019,-0.648866157827376,-0.454557036768065,937
"TB",2023,-0.663441893845331,-2.85326587738305,1087
"DET",2020,-0.732780954401938,0.210525174901529,904
"GB",2020,-0.745650224454756,0.638757843806886,1026
"NO",2021,-0.764473365564442,-0.904447596619602,975
"KC",2024,-0.920251126682696,6.48218306773684,1172
"MIN",2025,-0.937262340376416,-0.158262620395268,885
"KC",2023,-0.982577993300268,2.27779407077565,1252
"JAX",2023,-1.09457706790024,-0.0206152381096774,1025
"NYG",2022,-1.13443971058808,-2.85972573092937,1126
"CHI",2021,-1.29804990067988,-0.0717812444443499,989
"DAL",2020,-1.3749588814901,-1.60350167663703,1030
"CIN",2025,-1.51403459936304,-1.5097849510355,995
"LAC",2023,-1.64204182393284,-1.85316423649667,1017
"DEN",2023,-1.64656125229259,-0.692888837305679,935
"NO",2024,-1.96338774694076,-3.44300697105283,956
"PIT",2025,-2.18787410215784,-1.89389927413586,975
"LV",2025,-2.26035112967431,-2.68435996815199,876
"JAX",2021,-2.28817384796731,-0.867927160856261,950
"CIN",2019,-2.41700593002093,-2.8221374668873,959
"NE",2022,-2.60001939667986,-1.02904649240235,925
"CLE",2019,-2.6642955938281,-2.32576518990146,900
"CHI",2020,-2.66853803981229,-3.0087011092234,1013
"SEA",2023,-2.70820084411038,-2.21092765194477,933
"NE",2023,-2.75673730913284,-5.01063148620604,935
"CAR",2019,-3.0525974403158,-2.78121496728148,1001
"NYJ",2024,-3.08154032093665,2.91885473311975,955
"DET",2019,-3.12091213028072,-3.24644293906764,928
"LV",2023,-3.12242282892354,-0.45756835826943,941
"NYJ",2019,-3.18638512085361,-2.22222178424851,868
"NYG",2020,-3.31206057537857,-3.77519034523886,880
"SF",2024,-3.45266166257167,2.0159530200359,941
"SEA",2024,-3.66313800442755,1.16769865477958,950
"SEA",2022,-3.80918201429061,-3.2637358297302,1044
"CAR",2024,-3.83004110554443,-4.0885823487781,927
"NYJ",2023,-3.87232040089267,-1.6340544790956,985
"CIN",2020,-3.89404763779044,-3.76834110804962,959
"DEN",2022,-3.90573648083539,-6.53577720941629,1000
"DAL",2021,-4.14402874122831,-3.01058313559075,1118
"CHI",2019,-4.38551635610445,-3.97423855855798,944
"CIN",2023,-4.57405550702516,-1.62724070860237,979
"SEA",2021,-4.83048905143992,-4.98455717000519,889
"NE",2021,-5.46618223459065,-5.87260554832292,1020
"LA",2023,-5.74438970193588,-4.48419035404981,1062
"MIA",2020,-5.91961371937561,-5.9821440495929,943
"SF",2022,-6.82917027417586,-8.71435913990702,1130
